{
	"format_version": "1.8.0",
	"animations": {
		"animation.spindly_crab.idle": {
			"loop": true,
			"animation_length": 2,
			"bones": {
				"tail": {
					"rotation": ["Math.sin((query.anim_time - 0) * 90) * 8", 0, 0]
				},
				"antemnas": {
					"rotation": ["Math.sin((query.anim_time - 0) * 180) * -5", 0, 0]
				},
				"left_pincher": {
					"rotation": [10, "Math.sin((query.anim_time - 0) * 90) * 6", 0]
				},
				"right_pincher": {
					"rotation": [10, "Math.sin((query.anim_time - 0) * 90) * -5", 0]
				}
			}
		},
		"animation.Spindly_crab.move": {
			"loop": true,
			"animation_length": 2,
			"bones": {
				"tail": {
					"rotation": ["15+Math.sin((query.anim_time - 0.2) * 180) * 5", 0, 0]
				},
				"left_pincher": {
					"rotation": [10, "15+Math.sin((query.anim_time - 0) * 90) * 5", 0]
				},
				"right_pincher": {
					"rotation": [10, "-15+Math.sin((query.anim_time - 0) * 90) * -5", 0]
				},
				"body": {
					"rotation": [0, 0, "Math.sin((query.anim_time - 0) * 180) * 1"]
				},
				"left_leg_mid": {
					"rotation": {
						"0.0": [46.90804, 3.40487, -19.71975],
						"0.24": [2.7212, -7.02985, -41.05202],
						"0.52": [-53.12246, -11.36945, -28.94095],
						"0.76": [0.53043, 4.68304, -11.35589],
						"1.0": [46.90804, 3.40487, -19.71975],
						"1.24": [2.7212, -7.02985, -41.05202],
						"1.52": [-53.12246, -11.36945, -28.94095],
						"1.76": [0.53043, 4.68304, -11.35589],
						"2.0": [46.90804, 3.40487, -19.71975]
					}
				},
				"right_leg_mid": {
					"rotation": {
						"0.0": [-46.90804, 3.40487, 19.71975],
						"0.24": [-0.53043, 4.68304, 11.35589],
						"0.48": [53.12246, -11.36945, 28.94095],
						"0.76": [-2.7212, -7.02985, 41.05202],
						"1.0": [-46.90804, 3.40487, 19.71975],
						"1.24": [-0.53043, 4.68304, 11.35589],
						"1.48": [53.12246, -11.36945, 28.94095],
						"1.76": [-2.7212, -7.02985, 41.05202],
						"2.0": [-46.90804, 3.40487, 19.71975]
					}
				},
				"antemnas": {
					"rotation": ["-17.5+Math.sin((query.anim_time - 0) * 180) * -5", 0, 0]
				},
				"right_leg_front": {
					"rotation": {
						"0.0": [-46.90804, 3.40487, 19.71975],
						"0.24": [-0.53043, 4.68304, 11.35589],
						"0.48": [53.12246, -11.36945, 28.94095],
						"0.76": [-2.7212, -7.02985, 41.05202],
						"1.0": [-46.90804, 3.40487, 19.71975],
						"1.24": [-0.53043, 4.68304, 11.35589],
						"1.48": [53.12246, -11.36945, 28.94095],
						"1.76": [-2.7212, -7.02985, 41.05202],
						"2.0": [-46.90804, 3.40487, 19.71975]
					}
				},
				"right_leg_back": {
					"rotation": {
						"0.0": [-46.90804, 3.40487, 19.71975],
						"0.24": [-0.53043, 4.68304, 11.35589],
						"0.48": [53.12246, -11.36945, 28.94095],
						"0.76": [-2.7212, -7.02985, 41.05202],
						"1.0": [-46.90804, 3.40487, 19.71975],
						"1.24": [-0.53043, 4.68304, 11.35589],
						"1.48": [53.12246, -11.36945, 28.94095],
						"1.76": [-2.7212, -7.02985, 41.05202],
						"2.0": [-46.90804, 3.40487, 19.71975]
					}
				},
				"left_leg_back": {
					"rotation": {
						"0.0": [46.90804, 3.40487, -19.71975],
						"0.24": [2.7212, -7.02985, -41.05202],
						"0.52": [-53.12246, -11.36945, -28.94095],
						"0.76": [0.53043, 4.68304, -11.35589],
						"1.0": [46.90804, 3.40487, -19.71975],
						"1.24": [2.7212, -7.02985, -41.05202],
						"1.52": [-53.12246, -11.36945, -28.94095],
						"1.76": [0.53043, 4.68304, -11.35589],
						"2.0": [46.90804, 3.40487, -19.71975]
					}
				},
				"left_leg_front": {
					"rotation": {
						"0.0": [46.90804, 3.40487, -19.71975],
						"0.24": [2.7212, -7.02985, -41.05202],
						"0.52": [-53.12246, -11.36945, -28.94095],
						"0.76": [0.53043, 4.68304, -11.35589],
						"1.0": [46.90804, 3.40487, -19.71975],
						"1.24": [2.7212, -7.02985, -41.05202],
						"1.52": [-53.12246, -11.36945, -28.94095],
						"1.76": [0.53043, 4.68304, -11.35589],
						"2.0": [46.90804, 3.40487, -19.71975]
					}
				}
			}
		}
	},
	"geckolib_format_version": 2
}